palette,subpatch,payload_size,bits_per_symbol,corruption,symbol_error_rate,decode_success_rate,bits_per_patch,trials,total_patches,base64_token_est,token_ratio,heliogram_cheaper_bool,lm_tokens_2x2,lm_token_ratio
2,1,48,1,clean,0.000000,1.0000,0.526749,3,729,64,11.390625,False,196,3.062500
2,1,48,1,resize_3pct,0.000000,1.0000,0.526749,3,729,64,11.390625,False,196,3.062500
2,1,48,1,resize_5pct,0.000000,1.0000,0.526749,3,729,64,11.390625,False,196,3.062500
2,1,48,1,jpeg_q95,0.000000,1.0000,0.526749,3,729,64,11.390625,False,196,3.062500
2,1,48,1,jpeg_q85,0.000000,1.0000,0.526749,3,729,64,11.390625,False,196,3.062500
2,1,48,1,jpeg_q70,0.000000,1.0000,0.526749,3,729,64,11.390625,False,196,3.062500
2,1,48,1,crop_pad_2px,0.000000,1.0000,0.526749,3,729,64,11.390625,False,196,3.062500
2,1,48,1,combined,0.000000,1.0000,0.526749,3,729,64,11.390625,False,196,3.062500
2,1,1024,1,clean,0.000000,1.0000,0.844362,3,9702,1368,7.092105,False,2450,1.790936
2,1,1024,1,resize_3pct,0.000000,1.0000,0.844362,3,9702,1368,7.092105,False,2450,1.790936
2,1,1024,1,resize_5pct,0.000000,1.0000,0.844362,3,9702,1368,7.092105,False,2450,1.790936
2,1,1024,1,jpeg_q95,0.000000,1.0000,0.844362,3,9702,1368,7.092105,False,2450,1.790936
2,1,1024,1,jpeg_q85,0.000000,1.0000,0.844362,3,9702,1368,7.092105,False,2450,1.790936
2,1,1024,1,jpeg_q70,0.000000,1.0000,0.844362,3,9702,1368,7.092105,False,2450,1.790936
2,1,1024,1,crop_pad_2px,0.000000,1.0000,0.844362,3,9702,1368,7.092105,False,2450,1.790936
2,1,1024,1,combined,0.000000,1.0000,0.844362,3,9702,1368,7.092105,False,2450,1.790936
2,1,4096,1,clean,0.000000,1.0000,0.861749,3,38025,5464,6.959187,False,9604,1.757687
2,1,4096,1,resize_3pct,0.000000,1.0000,0.861749,3,38025,5464,6.959187,False,9604,1.757687
2,1,4096,1,resize_5pct,0.000000,1.0000,0.861749,3,38025,5464,6.959187,False,9604,1.757687
2,1,4096,1,jpeg_q95,0.000000,1.0000,0.861749,3,38025,5464,6.959187,False,9604,1.757687
2,1,4096,1,jpeg_q85,0.000000,1.0000,0.861749,3,38025,5464,6.959187,False,9604,1.757687
2,1,4096,1,jpeg_q70,0.000000,1.0000,0.861749,3,38025,5464,6.959187,False,9604,1.757687
2,1,4096,1,crop_pad_2px,0.000000,1.0000,0.861749,3,38025,5464,6.959187,False,9604,1.757687
2,1,4096,1,combined,0.000000,1.0000,0.861749,3,38025,5464,6.959187,False,9604,1.757687
2,1,16384,1,clean,0.000000,1.0000,0.870656,3,150544,21848,6.890516,False,37636,1.722629
2,1,16384,1,resize_3pct,0.000000,1.0000,0.870656,3,150544,21848,6.890516,False,37636,1.722629
2,1,16384,1,resize_5pct,0.000000,1.0000,0.870656,3,150544,21848,6.890516,False,37636,1.722629
2,1,16384,1,jpeg_q95,0.000000,1.0000,0.870656,3,150544,21848,6.890516,False,37636,1.722629
2,1,16384,1,jpeg_q85,0.000000,1.0000,0.870656,3,150544,21848,6.890516,False,37636,1.722629
2,1,16384,1,jpeg_q70,0.000000,1.0000,0.870656,3,150544,21848,6.890516,False,37636,1.722629
2,1,16384,1,crop_pad_2px,0.000000,1.0000,0.870656,3,150544,21848,6.890516,False,37636,1.722629
2,1,16384,1,combined,0.000000,1.0000,0.870656,3,150544,21848,6.890516,False,37636,1.722629
2,2,48,1,clean,0.000000,1.0000,1.959184,3,196,64,3.062500,False,49,0.765625
2,2,48,1,resize_3pct,0.000000,1.0000,1.959184,3,196,64,3.062500,False,49,0.765625
2,2,48,1,resize_5pct,0.000000,1.0000,1.959184,3,196,64,3.062500,False,49,0.765625
2,2,48,1,jpeg_q95,0.000000,1.0000,1.959184,3,196,64,3.062500,False,49,0.765625
2,2,48,1,jpeg_q85,0.000000,1.0000,1.959184,3,196,64,3.062500,False,49,0.765625
2,2,48,1,jpeg_q70,0.000000,1.0000,1.959184,3,196,64,3.062500,False,49,0.765625
2,2,48,1,crop_pad_2px,0.000000,1.0000,1.959184,3,196,64,3.062500,False,49,0.765625
2,2,48,1,combined,0.000000,1.0000,1.959184,3,196,64,3.062500,False,49,0.765625
2,2,1024,1,clean,0.000000,1.0000,3.343673,3,2450,1368,1.790936,False,625,0.456871
2,2,1024,1,resize_3pct,0.000000,1.0000,3.343673,3,2450,1368,1.790936,False,625,0.456871
2,2,1024,1,resize_5pct,0.000000,1.0000,3.343673,3,2450,1368,1.790936,False,625,0.456871
2,2,1024,1,jpeg_q95,0.000000,1.0000,3.343673,3,2450,1368,1.790936,False,625,0.456871
2,2,1024,1,jpeg_q85,0.000000,1.0000,3.343673,3,2450,1368,1.790936,False,625,0.456871
2,2,1024,1,jpeg_q70,0.000000,1.0000,3.343673,3,2450,1368,1.790936,False,625,0.456871
2,2,1024,1,crop_pad_2px,0.000000,1.0000,3.343673,3,2450,1368,1.790936,False,625,0.456871
2,2,1024,1,combined,0.000000,1.0000,3.343673,3,2450,1368,1.790936,False,625,0.456871
2,2,4096,1,clean,0.000000,1.0000,3.411912,3,9604,5464,1.757687,False,2401,0.439422
2,2,4096,1,resize_3pct,0.000000,1.0000,3.411912,3,9604,5464,1.757687,False,2401,0.439422
2,2,4096,1,resize_5pct,0.000000,1.0000,3.411912,3,9604,5464,1.757687,False,2401,0.439422
2,2,4096,1,jpeg_q95,0.000000,1.0000,3.411912,3,9604,5464,1.757687,False,2401,0.439422
2,2,4096,1,jpeg_q85,0.000000,1.0000,3.411912,3,9604,5464,1.757687,False,2401,0.439422
2,2,4096,1,jpeg_q70,0.000000,1.0000,3.411912,3,9604,5464,1.757687,False,2401,0.439422
2,2,4096,1,crop_pad_2px,0.000000,1.0000,3.411912,3,9604,5464,1.757687,False,2401,0.439422
2,2,4096,1,combined,0.000000,1.0000,3.411912,3,9604,5464,1.757687,False,2401,0.439422
2,2,16384,1,clean,0.000000,1.0000,3.464763,3,37830,21848,1.731509,False,9506,0.435097
2,2,16384,1,resize_3pct,0.000000,1.0000,3.464763,3,37830,21848,1.731509,False,9506,0.435097
2,2,16384,1,resize_5pct,0.000000,1.0000,3.464763,3,37830,21848,1.731509,False,9506,0.435097
2,2,16384,1,jpeg_q95,0.000000,1.0000,3.464763,3,37830,21848,1.731509,False,9506,0.435097
2,2,16384,1,jpeg_q85,0.000000,1.0000,3.464763,3,37830,21848,1.731509,False,9506,0.435097
2,2,16384,1,jpeg_q70,0.000000,1.0000,3.464763,3,37830,21848,1.731509,False,9506,0.435097
2,2,16384,1,crop_pad_2px,0.000000,1.0000,3.464763,3,37830,21848,1.731509,False,9506,0.435097
2,2,16384,1,combined,0.000000,1.0000,3.464763,3,37830,21848,1.731509,False,9506,0.435097
4,1,48,2,clean,0.000000,1.0000,1.063712,3,361,64,5.640625,False,100,1.562500
4,1,48,2,resize_3pct,0.000000,1.0000,1.063712,3,361,64,5.640625,False,100,1.562500
4,1,48,2,resize_5pct,0.000000,1.0000,1.063712,3,361,64,5.640625,False,100,1.562500
4,1,48,2,jpeg_q95,0.000000,1.0000,1.063712,3,361,64,5.640625,False,100,1.562500
4,1,48,2,jpeg_q85,0.000000,1.0000,1.063712,3,361,64,5.640625,False,100,1.562500
4,1,48,2,jpeg_q70,0.000000,1.0000,1.063712,3,361,64,5.640625,False,100,1.562500
4,1,48,2,crop_pad_2px,0.000000,1.0000,1.063712,3,361,64,5.640625,False,100,1.562500
4,1,48,2,combined,0.000000,1.0000,1.063712,3,361,64,5.640625,False,100,1.562500
4,1,1024,2,clean,0.000000,1.0000,1.696066,3,4830,1368,3.530702,False,1225,0.895468
4,1,1024,2,resize_3pct,0.000000,1.0000,1.696066,3,4830,1368,3.530702,False,1225,0.895468
4,1,1024,2,resize_5pct,0.000000,1.0000,1.696066,3,4830,1368,3.530702,False,1225,0.895468
4,1,1024,2,jpeg_q95,0.000000,1.0000,1.696066,3,4830,1368,3.530702,False,1225,0.895468
4,1,1024,2,jpeg_q85,0.000000,1.0000,1.696066,3,4830,1368,3.530702,False,1225,0.895468
4,1,1024,2,jpeg_q70,0.000000,1.0000,1.696066,3,4830,1368,3.530702,False,1225,0.895468
4,1,1024,2,crop_pad_2px,0.000000,1.0000,1.696066,3,4830,1368,3.530702,False,1225,0.895468
4,1,1024,2,combined,0.000000,1.0000,1.696066,3,4830,1368,3.530702,False,1225,0.895468
4,1,4096,2,clean,0.000000,1.0000,1.720647,3,19044,5464,3.485359,False,4761,0.871340
4,1,4096,2,resize_3pct,0.000000,1.0000,1.720647,3,19044,5464,3.485359,False,4761,0.871340
4,1,4096,2,resize_5pct,0.000000,1.0000,1.720647,3,19044,5464,3.485359,False,4761,0.871340
4,1,4096,2,jpeg_q95,0.000000,1.0000,1.720647,3,19044,5464,3.485359,False,4761,0.871340
4,1,4096,2,jpeg_q85,0.000000,1.0000,1.720647,3,19044,5464,3.485359,False,4761,0.871340
4,1,4096,2,jpeg_q70,0.000000,1.0000,1.720647,3,19044,5464,3.485359,False,4761,0.871340
4,1,4096,2,crop_pad_2px,0.000000,1.0000,1.720647,3,19044,5464,3.485359,False,4761,0.871340
4,1,4096,2,combined,0.000000,1.0000,1.720647,3,19044,5464,3.485359,False,4761,0.871340
4,1,16384,2,clean,0.000000,1.0000,1.739509,3,75350,21848,3.448828,False,18906,0.865342
4,1,16384,2,resize_3pct,0.000000,1.0000,1.739509,3,75350,21848,3.448828,False,18906,0.865342
4,1,16384,2,resize_5pct,0.000000,1.0000,1.739509,3,75350,21848,3.448828,False,18906,0.865342
4,1,16384,2,jpeg_q95,0.000000,1.0000,1.739509,3,75350,21848,3.448828,False,18906,0.865342
4,1,16384,2,jpeg_q85,0.000000,1.0000,1.739509,3,75350,21848,3.448828,False,18906,0.865342
4,1,16384,2,jpeg_q70,0.000000,1.0000,1.739509,3,75350,21848,3.448828,False,18906,0.865342
4,1,16384,2,crop_pad_2px,0.000000,1.0000,1.739509,3,75350,21848,3.448828,False,18906,0.865342
4,1,16384,2,combined,0.000000,1.0000,1.739509,3,75350,21848,3.448828,False,18906,0.865342
4,2,48,2,clean,0.000000,1.0000,3.840000,3,100,64,1.562500,False,25,0.390625
4,2,48,2,resize_3pct,0.000000,1.0000,3.840000,3,100,64,1.562500,False,25,0.390625
4,2,48,2,resize_5pct,0.000000,1.0000,3.840000,3,100,64,1.562500,False,25,0.390625
4,2,48,2,jpeg_q95,0.000000,1.0000,3.840000,3,100,64,1.562500,False,25,0.390625
4,2,48,2,jpeg_q85,0.000000,1.0000,3.840000,3,100,64,1.562500,False,25,0.390625
4,2,48,2,jpeg_q70,0.000000,1.0000,3.840000,3,100,64,1.562500,False,25,0.390625
4,2,48,2,crop_pad_2px,0.000000,1.0000,3.840000,3,100,64,1.562500,False,25,0.390625
4,2,48,2,combined,0.000000,1.0000,3.840000,3,100,64,1.562500,False,25,0.390625
4,2,1024,2,clean,0.000000,1.0000,6.687347,3,1225,1368,0.895468,True,324,0.236842
4,2,1024,2,resize_3pct,0.000000,1.0000,6.687347,3,1225,1368,0.895468,True,324,0.236842
4,2,1024,2,resize_5pct,0.000000,1.0000,6.687347,3,1225,1368,0.895468,True,324,0.236842
4,2,1024,2,jpeg_q95,0.000000,1.0000,6.687347,3,1225,1368,0.895468,True,324,0.236842
4,2,1024,2,jpeg_q85,0.000000,1.0000,6.687347,3,1225,1368,0.895468,True,324,0.236842
4,2,1024,2,jpeg_q70,0.000000,1.0000,6.687347,3,1225,1368,0.895468,True,324,0.236842
4,2,1024,2,crop_pad_2px,0.000000,1.0000,6.687347,3,1225,1368,0.895468,True,324,0.236842
4,2,1024,2,combined,0.000000,1.0000,6.687347,3,1225,1368,0.895468,True,324,0.236842
4,2,4096,2,clean,0.000000,1.0000,6.784265,3,4830,5464,0.883968,True,1225,0.224195
4,2,4096,2,resize_3pct,0.000000,1.0000,6.784265,3,4830,5464,0.883968,True,1225,0.224195
4,2,4096,2,resize_5pct,0.000000,1.0000,6.784265,3,4830,5464,0.883968,True,1225,0.224195
4,2,4096,2,jpeg_q95,0.000000,1.0000,6.784265,3,4830,5464,0.883968,True,1225,0.224195
4,2,4096,2,jpeg_q85,0.000000,1.0000,6.784265,3,4830,5464,0.883968,True,1225,0.224195
4,2,4096,2,jpeg_q70,0.000000,1.0000,6.784265,3,4830,5464,0.883968,True,1225,0.224195
4,2,4096,2,crop_pad_2px,0.000000,1.0000,6.784265,3,4830,5464,0.883968,True,1225,0.224195
4,2,4096,2,combined,0.000000,1.0000,6.784265,3,4830,5464,0.883968,True,1225,0.224195
4,2,16384,2,clean,0.000000,1.0000,6.932826,3,18906,21848,0.865342,True,4761,0.217915
4,2,16384,2,resize_3pct,0.000000,1.0000,6.932826,3,18906,21848,0.865342,True,4761,0.217915
4,2,16384,2,resize_5pct,0.000000,1.0000,6.932826,3,18906,21848,0.865342,True,4761,0.217915
4,2,16384,2,jpeg_q95,0.000000,1.0000,6.932826,3,18906,21848,0.865342,True,4761,0.217915
4,2,16384,2,jpeg_q85,0.000000,1.0000,6.932826,3,18906,21848,0.865342,True,4761,0.217915
4,2,16384,2,jpeg_q70,0.000000,1.0000,6.932826,3,18906,21848,0.865342,True,4761,0.217915
4,2,16384,2,crop_pad_2px,0.000000,1.0000,6.932826,3,18906,21848,0.865342,True,4761,0.217915
4,2,16384,2,combined,0.000000,1.0000,6.932826,3,18906,21848,0.865342,True,4761,0.217915
8,1,48,3,clean,0.000000,1.0000,1.500000,3,256,64,4.000000,False,64,1.000000
8,1,48,3,resize_3pct,0.000000,1.0000,1.500000,3,256,64,4.000000,False,64,1.000000
8,1,48,3,resize_5pct,0.000000,1.0000,1.500000,3,256,64,4.000000,False,64,1.000000
8,1,48,3,jpeg_q95,0.000000,1.0000,1.500000,3,256,64,4.000000,False,64,1.000000
8,1,48,3,jpeg_q85,0.000000,1.0000,1.500000,3,256,64,4.000000,False,64,1.000000
8,1,48,3,jpeg_q70,0.000000,1.0000,1.500000,3,256,64,4.000000,False,64,1.000000
8,1,48,3,crop_pad_2px,0.000000,1.0000,1.500000,3,256,64,4.000000,False,64,1.000000
8,1,48,3,combined,0.000000,1.0000,1.500000,3,256,64,4.000000,False,64,1.000000
8,1,1024,3,clean,0.000000,1.0000,2.521391,3,3249,1368,2.375000,False,841,0.614766
8,1,1024,3,resize_3pct,0.000000,1.0000,2.521391,3,3249,1368,2.375000,False,841,0.614766
8,1,1024,3,resize_5pct,0.000000,1.0000,2.521391,3,3249,1368,2.375000,False,841,0.614766
8,1,1024,3,jpeg_q95,0.000000,1.0000,2.521391,3,3249,1368,2.375000,False,841,0.614766
8,1,1024,3,jpeg_q85,0.000000,1.0000,2.521391,3,3249,1368,2.375000,False,841,0.614766
8,1,1024,3,jpeg_q70,0.000000,1.0000,2.521391,3,3249,1368,2.375000,False,841,0.614766
8,1,1024,3,crop_pad_2px,0.000000,1.0000,2.521391,3,3249,1368,2.375000,False,841,0.614766
8,1,1024,3,combined,0.000000,1.0000,2.521391,3,3249,1368,2.375000,False,841,0.614766
8,1,4096,3,clean,0.000000,1.0000,2.566215,3,12769,5464,2.336933,False,3249,0.594619
8,1,4096,3,resize_3pct,0.000000,1.0000,2.566215,3,12769,5464,2.336933,False,3249,0.594619
8,1,4096,3,resize_5pct,0.000000,1.0000,2.566215,3,12769,5464,2.336933,False,3249,0.594619
8,1,4096,3,jpeg_q95,0.000000,1.0000,2.566215,3,12769,5464,2.336933,False,3249,0.594619
8,1,4096,3,jpeg_q85,0.000000,1.0000,2.566215,3,12769,5464,2.336933,False,3249,0.594619
8,1,4096,3,jpeg_q70,0.000000,1.0000,2.566215,3,12769,5464,2.336933,False,3249,0.594619
8,1,4096,3,crop_pad_2px,0.000000,1.0000,2.566215,3,12769,5464,2.336933,False,3249,0.594619
8,1,4096,3,combined,0.000000,1.0000,2.566215,3,12769,5464,2.336933,False,3249,0.594619
8,1,16384,3,clean,0.000000,1.0000,2.600635,3,50400,21848,2.306847,False,12656,0.579275
8,1,16384,3,resize_3pct,0.000000,1.0000,2.600635,3,50400,21848,2.306847,False,12656,0.579275
8,1,16384,3,resize_5pct,0.000000,1.0000,2.600635,3,50400,21848,2.306847,False,12656,0.579275
8,1,16384,3,jpeg_q95,0.000000,1.0000,2.600635,3,50400,21848,2.306847,False,12656,0.579275
8,1,16384,3,jpeg_q85,0.000000,1.0000,2.600635,3,50400,21848,2.306847,False,12656,0.579275
8,1,16384,3,jpeg_q70,0.000000,1.0000,2.600635,3,50400,21848,2.306847,False,12656,0.579275
8,1,16384,3,crop_pad_2px,0.000000,1.0000,2.600635,3,50400,21848,2.306847,False,12656,0.579275
8,1,16384,3,combined,0.000000,1.0000,2.600635,3,50400,21848,2.306847,False,12656,0.579275
8,2,48,3,clean,0.000000,1.0000,5.333333,3,72,64,1.125000,False,20,0.312500
8,2,48,3,resize_3pct,0.000000,1.0000,5.333333,3,72,64,1.125000,False,20,0.312500
8,2,48,3,resize_5pct,0.000000,1.0000,5.333333,3,72,64,1.125000,False,20,0.312500
8,2,48,3,jpeg_q95,0.000000,1.0000,5.333333,3,72,64,1.125000,False,20,0.312500
8,2,48,3,jpeg_q85,0.000000,1.0000,5.333333,3,72,64,1.125000,False,20,0.312500
8,2,48,3,jpeg_q70,0.000000,1.0000,5.333333,3,72,64,1.125000,False,20,0.312500
8,2,48,3,crop_pad_2px,0.000000,1.0000,5.333333,3,72,64,1.125000,False,20,0.312500
8,2,48,3,combined,0.013021,1.0000,5.333333,3,72,64,1.125000,False,20,0.312500
8,2,1024,3,clean,0.000000,1.0000,9.740785,3,841,1368,0.614766,True,225,0.164474
8,2,1024,3,resize_3pct,0.000000,1.0000,9.740785,3,841,1368,0.614766,True,225,0.164474
8,2,1024,3,resize_5pct,0.000000,1.0000,9.740785,3,841,1368,0.614766,True,225,0.164474
8,2,1024,3,jpeg_q95,0.000000,1.0000,9.740785,3,841,1368,0.614766,True,225,0.164474
8,2,1024,3,jpeg_q85,0.000000,1.0000,9.740785,3,841,1368,0.614766,True,225,0.164474
8,2,1024,3,jpeg_q70,0.000000,1.0000,9.740785,3,841,1368,0.614766,True,225,0.164474
8,2,1024,3,crop_pad_2px,0.000000,1.0000,9.740785,3,841,1368,0.614766,True,225,0.164474
8,2,1024,3,combined,0.005542,1.0000,9.740785,3,841,1368,0.614766,True,225,0.164474
8,2,4096,3,clean,0.000000,1.0000,10.085565,3,3249,5464,0.594619,True,841,0.153917
8,2,4096,3,resize_3pct,0.000000,1.0000,10.085565,3,3249,5464,0.594619,True,841,0.153917
8,2,4096,3,resize_5pct,0.000000,1.0000,10.085565,3,3249,5464,0.594619,True,841,0.153917
8,2,4096,3,jpeg_q95,0.000000,1.0000,10.085565,3,3249,5464,0.594619,True,841,0.153917
8,2,4096,3,jpeg_q85,0.000000,1.0000,10.085565,3,3249,5464,0.594619,True,841,0.153917
8,2,4096,3,jpeg_q70,0.000000,1.0000,10.085565,3,3249,5464,0.594619,True,841,0.153917
8,2,4096,3,crop_pad_2px,0.000000,1.0000,10.085565,3,3249,5464,0.594619,True,841,0.153917
8,2,4096,3,combined,0.007075,1.0000,10.085565,3,3249,5464,0.594619,True,841,0.153917
8,2,16384,3,clean,0.000000,1.0000,10.356511,3,12656,21848,0.579275,True,3192,0.146100
8,2,16384,3,resize_3pct,0.000000,1.0000,10.356511,3,12656,21848,0.579275,True,3192,0.146100
8,2,16384,3,resize_5pct,0.000000,1.0000,10.356511,3,12656,21848,0.579275,True,3192,0.146100
8,2,16384,3,jpeg_q95,0.000000,1.0000,10.356511,3,12656,21848,0.579275,True,3192,0.146100
8,2,16384,3,jpeg_q85,0.000000,1.0000,10.356511,3,12656,21848,0.579275,True,3192,0.146100
8,2,16384,3,jpeg_q70,0.000000,1.0000,10.356511,3,12656,21848,0.579275,True,3192,0.146100
8,2,16384,3,crop_pad_2px,0.000000,1.0000,10.356511,3,12656,21848,0.579275,True,3192,0.146100
8,2,16384,3,combined,0.006211,1.0000,10.356511,3,12656,21848,0.579275,True,3192,0.146100
16,1,48,4,clean,0.000000,1.0000,2.000000,3,192,64,3.000000,False,48,0.750000
16,1,48,4,resize_3pct,0.000000,1.0000,2.000000,3,192,64,3.000000,False,48,0.750000
16,1,48,4,resize_5pct,0.000000,1.0000,2.000000,3,192,64,3.000000,False,48,0.750000
16,1,48,4,jpeg_q95,0.000000,1.0000,2.000000,3,192,64,3.000000,False,48,0.750000
16,1,48,4,jpeg_q85,0.000000,1.0000,2.000000,3,192,64,3.000000,False,48,0.750000
16,1,48,4,jpeg_q70,0.000000,1.0000,2.000000,3,192,64,3.000000,False,48,0.750000
16,1,48,4,crop_pad_2px,0.000000,1.0000,2.000000,3,192,64,3.000000,False,48,0.750000
16,1,48,4,combined,0.000000,1.0000,2.000000,3,192,64,3.000000,False,48,0.750000
16,1,1024,4,clean,0.000000,1.0000,3.343673,3,2450,1368,1.790936,False,625,0.456871
16,1,1024,4,resize_3pct,0.000000,1.0000,3.343673,3,2450,1368,1.790936,False,625,0.456871
16,1,1024,4,resize_5pct,0.000000,1.0000,3.343673,3,2450,1368,1.790936,False,625,0.456871
16,1,1024,4,jpeg_q95,0.000000,1.0000,3.343673,3,2450,1368,1.790936,False,625,0.456871
16,1,1024,4,jpeg_q85,0.000000,1.0000,3.343673,3,2450,1368,1.790936,False,625,0.456871
16,1,1024,4,jpeg_q70,0.000278,1.0000,3.343673,3,2450,1368,1.790936,False,625,0.456871
16,1,1024,4,crop_pad_2px,0.000000,1.0000,3.343673,3,2450,1368,1.790936,False,625,0.456871
16,1,1024,4,combined,0.000139,1.0000,3.343673,3,2450,1368,1.790936,False,625,0.456871
16,1,4096,4,clean,0.000000,1.0000,3.411912,3,9604,5464,1.757687,False,2401,0.439422
16,1,4096,4,resize_3pct,0.000000,1.0000,3.411912,3,9604,5464,1.757687,False,2401,0.439422
16,1,4096,4,resize_5pct,0.000000,1.0000,3.411912,3,9604,5464,1.757687,False,2401,0.439422
16,1,4096,4,jpeg_q95,0.000000,1.0000,3.411912,3,9604,5464,1.757687,False,2401,0.439422
16,1,4096,4,jpeg_q85,0.000000,1.0000,3.411912,3,9604,5464,1.757687,False,2401,0.439422
16,1,4096,4,jpeg_q70,0.000736,1.0000,3.411912,3,9604,5464,1.757687,False,2401,0.439422
16,1,4096,4,crop_pad_2px,0.000000,1.0000,3.411912,3,9604,5464,1.757687,False,2401,0.439422
16,1,4096,4,combined,0.000245,1.0000,3.411912,3,9604,5464,1.757687,False,2401,0.439422
16,1,16384,4,clean,0.000000,1.0000,3.464763,3,37830,21848,1.731509,False,9506,0.435097
16,1,16384,4,resize_3pct,0.000000,1.0000,3.464763,3,37830,21848,1.731509,False,9506,0.435097
16,1,16384,4,resize_5pct,0.000000,1.0000,3.464763,3,37830,21848,1.731509,False,9506,0.435097
16,1,16384,4,jpeg_q95,0.000000,1.0000,3.464763,3,37830,21848,1.731509,False,9506,0.435097
16,1,16384,4,jpeg_q85,0.000000,1.0000,3.464763,3,37830,21848,1.731509,False,9506,0.435097
16,1,16384,4,jpeg_q70,0.000709,1.0000,3.464763,3,37830,21848,1.731509,False,9506,0.435097
16,1,16384,4,crop_pad_2px,0.000000,1.0000,3.464763,3,37830,21848,1.731509,False,9506,0.435097
16,1,16384,4,combined,0.000142,1.0000,3.464763,3,37830,21848,1.731509,False,9506,0.435097
16,2,48,4,clean,0.000000,1.0000,6.000000,3,64,64,1.000000,False,16,0.250000
16,2,48,4,resize_3pct,0.000000,1.0000,6.000000,3,64,64,1.000000,False,16,0.250000
16,2,48,4,resize_5pct,0.000000,1.0000,6.000000,3,64,64,1.000000,False,16,0.250000
16,2,48,4,jpeg_q95,0.000000,1.0000,6.000000,3,64,64,1.000000,False,16,0.250000
16,2,48,4,jpeg_q85,0.000000,1.0000,6.000000,3,64,64,1.000000,False,16,0.250000
16,2,48,4,jpeg_q70,0.003472,1.0000,6.000000,3,64,64,1.000000,False,16,0.250000
16,2,48,4,crop_pad_2px,0.000000,1.0000,6.000000,3,64,64,1.000000,False,16,0.250000
16,2,48,4,combined,0.135417,0.0000,0.000000,3,64,64,1.000000,False,16,0.250000
16,2,1024,4,clean,0.000000,1.0000,13.107200,3,625,1368,0.456871,True,169,0.123538
16,2,1024,4,resize_3pct,0.000000,1.0000,13.107200,3,625,1368,0.456871,True,169,0.123538
16,2,1024,4,resize_5pct,0.000000,1.0000,13.107200,3,625,1368,0.456871,True,169,0.123538
16,2,1024,4,jpeg_q95,0.000000,1.0000,13.107200,3,625,1368,0.456871,True,169,0.123538
16,2,1024,4,jpeg_q85,0.000000,1.0000,13.107200,3,625,1368,0.456871,True,169,0.123538
16,2,1024,4,jpeg_q70,0.003750,1.0000,13.107200,3,625,1368,0.456871,True,169,0.123538
16,2,1024,4,crop_pad_2px,0.000000,1.0000,13.107200,3,625,1368,0.456871,True,169,0.123538
16,2,1024,4,combined,0.125972,0.0000,0.000000,3,625,1368,0.456871,True,169,0.123538
16,2,4096,4,clean,0.000000,1.0000,13.374694,3,2450,5464,0.448389,True,625,0.114385
16,2,4096,4,resize_3pct,0.000000,1.0000,13.374694,3,2450,5464,0.448389,True,625,0.114385
16,2,4096,4,resize_5pct,0.000000,1.0000,13.374694,3,2450,5464,0.448389,True,625,0.114385
16,2,4096,4,jpeg_q95,0.000000,1.0000,13.374694,3,2450,5464,0.448389,True,625,0.114385
16,2,4096,4,jpeg_q85,0.000000,1.0000,13.374694,3,2450,5464,0.448389,True,625,0.114385
16,2,4096,4,jpeg_q70,0.001840,1.0000,13.374694,3,2450,5464,0.448389,True,625,0.114385
16,2,4096,4,crop_pad_2px,0.000000,1.0000,13.374694,3,2450,5464,0.448389,True,625,0.114385
16,2,4096,4,combined,0.117902,0.0000,0.000000,3,2450,5464,0.448389,True,625,0.114385
16,2,16384,4,clean,0.000000,1.0000,13.788344,3,9506,21848,0.435097,True,2401,0.109896
16,2,16384,4,resize_3pct,0.000000,1.0000,13.788344,3,9506,21848,0.435097,True,2401,0.109896
16,2,16384,4,resize_5pct,0.000000,1.0000,13.788344,3,9506,21848,0.435097,True,2401,0.109896
16,2,16384,4,jpeg_q95,0.000000,1.0000,13.788344,3,9506,21848,0.435097,True,2401,0.109896
16,2,16384,4,jpeg_q85,0.000000,1.0000,13.788344,3,9506,21848,0.435097,True,2401,0.109896
16,2,16384,4,jpeg_q70,0.001913,1.0000,13.788344,3,9506,21848,0.435097,True,2401,0.109896
16,2,16384,4,crop_pad_2px,0.000000,1.0000,13.788344,3,9506,21848,0.435097,True,2401,0.109896
16,2,16384,4,combined,0.122303,0.0000,0.000000,3,9506,21848,0.435097,True,2401,0.109896
32,1,48,5,clean,0.000000,1.0000,2.000000,3,192,64,3.000000,False,48,0.750000
32,1,48,5,resize_3pct,0.000000,1.0000,2.000000,3,192,64,3.000000,False,48,0.750000
32,1,48,5,resize_5pct,0.000000,1.0000,2.000000,3,192,64,3.000000,False,48,0.750000
32,1,48,5,jpeg_q95,0.000000,1.0000,2.000000,3,192,64,3.000000,False,48,0.750000
32,1,48,5,jpeg_q85,0.002083,1.0000,2.000000,3,192,64,3.000000,False,48,0.750000
32,1,48,5,jpeg_q70,0.041667,1.0000,2.000000,3,192,64,3.000000,False,48,0.750000
32,1,48,5,crop_pad_2px,0.000000,1.0000,2.000000,3,192,64,3.000000,False,48,0.750000
32,1,48,5,combined,0.035417,1.0000,2.000000,3,192,64,3.000000,False,48,0.750000
32,1,1024,5,clean,0.000000,1.0000,4.137374,3,1980,1368,1.447368,False,506,0.369883
32,1,1024,5,resize_3pct,0.000000,1.0000,4.137374,3,1980,1368,1.447368,False,506,0.369883
32,1,1024,5,resize_5pct,0.000000,1.0000,4.137374,3,1980,1368,1.447368,False,506,0.369883
32,1,1024,5,jpeg_q95,0.000000,1.0000,4.137374,3,1980,1368,1.447368,False,506,0.369883
32,1,1024,5,jpeg_q85,0.008264,1.0000,4.137374,3,1980,1368,1.447368,False,506,0.369883
32,1,1024,5,jpeg_q70,0.049070,0.0000,0.000000,3,1980,1368,1.447368,False,506,0.369883
32,1,1024,5,crop_pad_2px,0.000000,1.0000,4.137374,3,1980,1368,1.447368,False,506,0.369883
32,1,1024,5,combined,0.034435,0.6667,2.758249,3,1980,1368,1.447368,False,506,0.369883
32,1,4096,5,clean,0.000000,1.0000,4.280042,3,7656,5464,1.401171,False,1936,0.354319
32,1,4096,5,resize_3pct,0.000000,1.0000,4.280042,3,7656,5464,1.401171,False,1936,0.354319
32,1,4096,5,resize_5pct,0.000000,1.0000,4.280042,3,7656,5464,1.401171,False,1936,0.354319
32,1,4096,5,jpeg_q95,0.000000,1.0000,4.280042,3,7656,5464,1.401171,False,1936,0.354319
32,1,4096,5,jpeg_q85,0.004052,1.0000,4.280042,3,7656,5464,1.401171,False,1936,0.354319
32,1,4096,5,jpeg_q70,0.031973,0.0000,0.000000,3,7656,5464,1.401171,False,1936,0.354319
32,1,4096,5,crop_pad_2px,0.000000,1.0000,4.280042,3,7656,5464,1.401171,False,1936,0.354319
32,1,4096,5,combined,0.024266,0.0000,0.000000,3,7656,5464,1.401171,False,1936,0.354319
32,1,16384,5,clean,0.000000,1.0000,4.329238,3,30276,21848,1.385756,False,7569,0.346439
32,1,16384,5,resize_3pct,0.000000,1.0000,4.329238,3,30276,21848,1.385756,False,7569,0.346439
32,1,16384,5,resize_5pct,0.000000,1.0000,4.329238,3,30276,21848,1.385756,False,7569,0.346439
32,1,16384,5,jpeg_q95,0.000000,1.0000,4.329238,3,30276,21848,1.385756,False,7569,0.346439
32,1,16384,5,jpeg_q85,0.003156,1.0000,4.329238,3,30276,21848,1.385756,False,7569,0.346439
32,1,16384,5,jpeg_q70,0.027794,0.0000,0.000000,3,30276,21848,1.385756,False,7569,0.346439
32,1,16384,5,crop_pad_2px,0.000000,1.0000,4.329238,3,30276,21848,1.385756,False,7569,0.346439
32,1,16384,5,combined,0.022069,0.0000,0.000000,3,30276,21848,1.385756,False,7569,0.346439
32,2,48,5,clean,0.000000,1.0000,4.000000,3,96,64,1.500000,False,32,0.500000
32,2,48,5,resize_3pct,0.000000,1.0000,4.000000,3,96,64,1.500000,False,32,0.500000
32,2,48,5,resize_5pct,0.000000,1.0000,4.000000,3,96,64,1.500000,False,32,0.500000
32,2,48,5,jpeg_q95,0.000000,1.0000,4.000000,3,96,64,1.500000,False,32,0.500000
32,2,48,5,jpeg_q85,0.006510,1.0000,4.000000,3,96,64,1.500000,False,32,0.500000
32,2,48,5,jpeg_q70,0.040365,1.0000,4.000000,3,96,64,1.500000,False,32,0.500000
32,2,48,5,crop_pad_2px,0.000000,1.0000,4.000000,3,96,64,1.500000,False,32,0.500000
32,2,48,5,combined,0.171875,0.0000,0.000000,3,96,64,1.500000,False,32,0.500000
32,2,1024,5,clean,0.000000,1.0000,16.000000,3,512,1368,0.374269,True,128,0.093567
32,2,1024,5,resize_3pct,0.000000,1.0000,16.000000,3,512,1368,0.374269,True,128,0.093567
32,2,1024,5,resize_5pct,0.000000,1.0000,16.000000,3,512,1368,0.374269,True,128,0.093567
32,2,1024,5,jpeg_q95,0.000000,1.0000,16.000000,3,512,1368,0.374269,True,128,0.093567
32,2,1024,5,jpeg_q85,0.014583,1.0000,16.000000,3,512,1368,0.374269,True,128,0.093567
32,2,1024,5,jpeg_q70,0.098785,0.0000,0.000000,3,512,1368,0.374269,True,128,0.093567
32,2,1024,5,crop_pad_2px,0.000000,1.0000,16.000000,3,512,1368,0.374269,True,128,0.093567
32,2,1024,5,combined,0.269792,0.0000,0.000000,3,512,1368,0.374269,True,128,0.093567
32,2,4096,5,clean,0.000000,1.0000,16.925620,3,1936,5464,0.354319,True,484,0.088580
32,2,4096,5,resize_3pct,0.000000,1.0000,16.925620,3,1936,5464,0.354319,True,484,0.088580
32,2,4096,5,resize_5pct,0.000000,1.0000,16.925620,3,1936,5464,0.354319,True,484,0.088580
32,2,4096,5,jpeg_q95,0.000000,1.0000,16.925620,3,1936,5464,0.354319,True,484,0.088580
32,2,4096,5,jpeg_q85,0.018675,1.0000,16.925620,3,1936,5464,0.354319,True,484,0.088580
32,2,4096,5,jpeg_q70,0.093023,0.0000,0.000000,3,1936,5464,0.354319,True,484,0.088580
32,2,4096,5,crop_pad_2px,0.000000,1.0000,16.925620,3,1936,5464,0.354319,True,484,0.088580
32,2,4096,5,combined,0.274974,0.0000,0.000000,3,1936,5464,0.354319,True,484,0.088580
32,2,16384,5,clean,0.000000,1.0000,17.120167,3,7656,21848,0.350421,True,1936,0.088612
32,2,16384,5,resize_3pct,0.000000,1.0000,17.120167,3,7656,21848,0.350421,True,1936,0.088612
32,2,16384,5,resize_5pct,0.000000,1.0000,17.120167,3,7656,21848,0.350421,True,1936,0.088612
32,2,16384,5,jpeg_q95,0.000000,1.0000,17.120167,3,7656,21848,0.350421,True,1936,0.088612
32,2,16384,5,jpeg_q85,0.010316,1.0000,17.120167,3,7656,21848,0.350421,True,1936,0.088612
32,2,16384,5,jpeg_q70,0.071927,0.0000,0.000000,3,7656,21848,0.350421,True,1936,0.088612
32,2,16384,5,crop_pad_2px,0.000000,1.0000,17.120167,3,7656,21848,0.350421,True,1936,0.088612
32,2,16384,5,combined,0.267021,0.0000,0.000000,3,7656,21848,0.350421,True,1936,0.088612
64,1,48,6,clean,0.000000,1.0000,2.000000,3,192,64,3.000000,False,64,1.000000
64,1,48,6,resize_3pct,0.000000,1.0000,2.000000,3,192,64,3.000000,False,64,1.000000
64,1,48,6,resize_5pct,0.000000,1.0000,2.000000,3,192,64,3.000000,False,64,1.000000
64,1,48,6,jpeg_q95,0.000000,1.0000,2.000000,3,192,64,3.000000,False,64,1.000000
64,1,48,6,jpeg_q85,0.005208,1.0000,2.000000,3,192,64,3.000000,False,64,1.000000
64,1,48,6,jpeg_q70,0.018229,1.0000,2.000000,3,192,64,3.000000,False,64,1.000000
64,1,48,6,crop_pad_2px,0.000000,1.0000,2.000000,3,192,64,3.000000,False,64,1.000000
64,1,48,6,combined,0.002604,1.0000,2.000000,3,192,64,3.000000,False,64,1.000000
64,1,1024,6,clean,0.000000,1.0000,4.923077,3,1664,1368,1.216374,False,416,0.304094
64,1,1024,6,resize_3pct,0.000000,1.0000,4.923077,3,1664,1368,1.216374,False,416,0.304094
64,1,1024,6,resize_5pct,0.000000,1.0000,4.923077,3,1664,1368,1.216374,False,416,0.304094
64,1,1024,6,jpeg_q95,0.000000,1.0000,4.923077,3,1664,1368,1.216374,False,416,0.304094
64,1,1024,6,jpeg_q85,0.003750,1.0000,4.923077,3,1664,1368,1.216374,False,416,0.304094
64,1,1024,6,jpeg_q70,0.041875,0.0000,0.000000,3,1664,1368,1.216374,False,416,0.304094
64,1,1024,6,crop_pad_2px,0.000000,1.0000,4.923077,3,1664,1368,1.216374,False,416,0.304094
64,1,1024,6,combined,0.030625,0.6667,3.282051,3,1664,1368,1.216374,False,416,0.304094
64,1,4096,6,clean,0.000000,1.0000,5.120000,3,6400,5464,1.171303,False,1600,0.292826
64,1,4096,6,resize_3pct,0.000000,1.0000,5.120000,3,6400,5464,1.171303,False,1600,0.292826
64,1,4096,6,resize_5pct,0.000000,1.0000,5.120000,3,6400,5464,1.171303,False,1600,0.292826
64,1,4096,6,jpeg_q95,0.000000,1.0000,5.120000,3,6400,5464,1.171303,False,1600,0.292826
64,1,4096,6,jpeg_q85,0.003217,1.0000,5.120000,3,6400,5464,1.171303,False,1600,0.292826
64,1,4096,6,jpeg_q70,0.038713,0.3333,1.706667,3,6400,5464,1.171303,False,1600,0.292826
64,1,4096,6,crop_pad_2px,0.000000,1.0000,5.120000,3,6400,5464,1.171303,False,1600,0.292826
64,1,4096,6,combined,0.031804,0.0000,0.000000,3,6400,5464,1.171303,False,1600,0.292826
64,1,16384,6,clean,0.000000,1.0000,5.184605,3,25281,21848,1.157131,False,6400,0.292933
64,1,16384,6,resize_3pct,0.000000,1.0000,5.184605,3,25281,21848,1.157131,False,6400,0.292933
64,1,16384,6,resize_5pct,0.000000,1.0000,5.184605,3,25281,21848,1.157131,False,6400,0.292933
64,1,16384,6,jpeg_q95,0.000000,1.0000,5.184605,3,25281,21848,1.157131,False,6400,0.292933
64,1,16384,6,jpeg_q85,0.001698,1.0000,5.184605,3,25281,21848,1.157131,False,6400,0.292933
64,1,16384,6,jpeg_q70,0.025171,0.3333,1.728202,3,25281,21848,1.157131,False,6400,0.292933
64,1,16384,6,crop_pad_2px,0.000000,1.0000,5.184605,3,25281,21848,1.157131,False,6400,0.292933
64,1,16384,6,combined,0.019093,1.0000,5.184605,3,25281,21848,1.157131,False,6400,0.292933
64,2,48,6,clean,0.000000,1.0000,3.000000,3,128,64,2.000000,False,32,0.500000
64,2,48,6,resize_3pct,0.000000,1.0000,3.000000,3,128,64,2.000000,False,32,0.500000
64,2,48,6,resize_5pct,0.000000,1.0000,3.000000,3,128,64,2.000000,False,32,0.500000
64,2,48,6,jpeg_q95,0.000000,1.0000,3.000000,3,128,64,2.000000,False,32,0.500000
64,2,48,6,jpeg_q85,0.000000,1.0000,3.000000,3,128,64,2.000000,False,32,0.500000
64,2,48,6,jpeg_q70,0.016927,1.0000,3.000000,3,128,64,2.000000,False,32,0.500000
64,2,48,6,crop_pad_2px,0.000000,1.0000,3.000000,3,128,64,2.000000,False,32,0.500000
64,2,48,6,combined,0.300781,0.0000,0.000000,3,128,64,2.000000,False,32,0.500000
64,2,1024,6,clean,0.000000,1.0000,16.000000,3,512,1368,0.374269,True,128,0.093567
64,2,1024,6,resize_3pct,0.000000,1.0000,16.000000,3,512,1368,0.374269,True,128,0.093567
64,2,1024,6,resize_5pct,0.000000,1.0000,16.000000,3,512,1368,0.374269,True,128,0.093567
64,2,1024,6,jpeg_q95,0.000000,1.0000,16.000000,3,512,1368,0.374269,True,128,0.093567
64,2,1024,6,jpeg_q85,0.008185,1.0000,16.000000,3,512,1368,0.374269,True,128,0.093567
64,2,1024,6,jpeg_q70,0.076079,0.0000,0.000000,3,512,1368,0.374269,True,128,0.093567
64,2,1024,6,crop_pad_2px,0.000000,1.0000,16.000000,3,512,1368,0.374269,True,128,0.093567
64,2,1024,6,combined,0.422991,0.0000,0.000000,3,512,1368,0.374269,True,128,0.093567
64,2,4096,6,clean,0.000000,1.0000,19.692308,3,1664,5464,0.304539,True,416,0.076135
64,2,4096,6,resize_3pct,0.000000,1.0000,19.692308,3,1664,5464,0.304539,True,416,0.076135
64,2,4096,6,resize_5pct,0.000000,1.0000,19.692308,3,1664,5464,0.304539,True,416,0.076135
64,2,4096,6,jpeg_q95,0.000000,1.0000,19.692308,3,1664,5464,0.304539,True,416,0.076135
64,2,4096,6,jpeg_q85,0.008542,1.0000,19.692308,3,1664,5464,0.304539,True,416,0.076135
64,2,4096,6,jpeg_q70,0.087708,0.0000,0.000000,3,1664,5464,0.304539,True,416,0.076135
64,2,4096,6,crop_pad_2px,0.000000,1.0000,19.692308,3,1664,5464,0.304539,True,416,0.076135
64,2,4096,6,combined,0.434219,0.0000,0.000000,3,1664,5464,0.304539,True,416,0.076135
64,2,16384,6,clean,0.000000,1.0000,20.480000,3,6400,21848,0.292933,True,1600,0.073233
64,2,16384,6,resize_3pct,0.000000,1.0000,20.480000,3,6400,21848,0.292933,True,1600,0.073233
64,2,16384,6,resize_5pct,0.000000,1.0000,20.480000,3,6400,21848,0.292933,True,1600,0.073233
64,2,16384,6,jpeg_q95,0.000000,1.0000,20.480000,3,6400,21848,0.292933,True,1600,0.073233
64,2,16384,6,jpeg_q85,0.008175,1.0000,20.480000,3,6400,21848,0.292933,True,1600,0.073233
64,2,16384,6,jpeg_q70,0.083188,0.0000,0.000000,3,6400,21848,0.292933,True,1600,0.073233
64,2,16384,6,crop_pad_2px,0.000000,1.0000,20.480000,3,6400,21848,0.292933,True,1600,0.073233
64,2,16384,6,combined,0.434771,0.0000,0.000000,3,6400,21848,0.292933,True,1600,0.073233
128,1,48,7,clean,0.000000,1.0000,1.500000,3,256,64,4.000000,False,64,1.000000
128,1,48,7,resize_3pct,0.000000,1.0000,1.500000,3,256,64,4.000000,False,64,1.000000
128,1,48,7,resize_5pct,0.000000,1.0000,1.500000,3,256,64,4.000000,False,64,1.000000
128,1,48,7,jpeg_q95,0.000000,1.0000,1.500000,3,256,64,4.000000,False,64,1.000000
128,1,48,7,jpeg_q85,0.023438,1.0000,1.500000,3,256,64,4.000000,False,64,1.000000
128,1,48,7,jpeg_q70,0.046875,1.0000,1.500000,3,256,64,4.000000,False,64,1.000000
128,1,48,7,crop_pad_2px,0.000000,1.0000,1.500000,3,256,64,4.000000,False,64,1.000000
128,1,48,7,combined,0.065104,1.0000,1.500000,3,256,64,4.000000,False,64,1.000000
128,1,1024,7,clean,0.000000,1.0000,5.333333,3,1536,1368,1.122807,False,384,0.280702
128,1,1024,7,resize_3pct,0.000000,1.0000,5.333333,3,1536,1368,1.122807,False,384,0.280702
128,1,1024,7,resize_5pct,0.000000,1.0000,5.333333,3,1536,1368,1.122807,False,384,0.280702
128,1,1024,7,jpeg_q95,0.000000,1.0000,5.333333,3,1536,1368,1.122807,False,384,0.280702
128,1,1024,7,jpeg_q85,0.036458,0.6667,3.555556,3,1536,1368,1.122807,False,384,0.280702
128,1,1024,7,jpeg_q70,0.182292,0.0000,0.000000,3,1536,1368,1.122807,False,384,0.280702
128,1,1024,7,crop_pad_2px,0.000000,1.0000,5.333333,3,1536,1368,1.122807,False,384,0.280702
128,1,1024,7,combined,0.157434,0.0000,0.000000,3,1536,1368,1.122807,False,384,0.280702
128,1,4096,7,clean,0.000000,1.0000,5.818182,3,5632,5464,1.030747,False,1408,0.257687
128,1,4096,7,resize_3pct,0.000000,1.0000,5.818182,3,5632,5464,1.030747,False,1408,0.257687
128,1,4096,7,resize_5pct,0.000000,1.0000,5.818182,3,5632,5464,1.030747,False,1408,0.257687
128,1,4096,7,jpeg_q95,0.000061,1.0000,5.818182,3,5632,5464,1.030747,False,1408,0.257687
128,1,4096,7,jpeg_q85,0.037972,0.0000,0.000000,3,5632,5464,1.030747,False,1408,0.257687
128,1,4096,7,jpeg_q70,0.183987,0.0000,0.000000,3,5632,5464,1.030747,False,1408,0.257687
128,1,4096,7,crop_pad_2px,0.000000,1.0000,5.818182,3,5632,5464,1.030747,False,1408,0.257687
128,1,4096,7,combined,0.164850,0.0000,0.000000,3,5632,5464,1.030747,False,1408,0.257687
128,1,16384,7,clean,0.000000,1.0000,6.065621,3,21609,21848,0.989061,True,5476,0.250641
128,1,16384,7,resize_3pct,0.000000,1.0000,6.065621,3,21609,21848,0.989061,True,5476,0.250641
128,1,16384,7,resize_5pct,0.000000,1.0000,6.065621,3,21609,21848,0.989061,True,5476,0.250641
128,1,16384,7,jpeg_q95,0.000031,1.0000,6.065621,3,21609,21848,0.989061,True,5476,0.250641
128,1,16384,7,jpeg_q85,0.039061,0.0000,0.000000,3,21609,21848,0.989061,True,5476,0.250641
128,1,16384,7,jpeg_q70,0.182182,0.0000,0.000000,3,21609,21848,0.989061,True,5476,0.250641
128,1,16384,7,crop_pad_2px,0.000000,1.0000,6.065621,3,21609,21848,0.989061,True,5476,0.250641
128,1,16384,7,combined,0.155080,0.0000,0.000000,3,21609,21848,0.989061,True,5476,0.250641
128,2,48,7,clean,0.000000,1.0000,1.500000,3,256,64,4.000000,False,64,1.000000
128,2,48,7,resize_3pct,0.000000,1.0000,1.500000,3,256,64,4.000000,False,64,1.000000
128,2,48,7,resize_5pct,0.000000,1.0000,1.500000,3,256,64,4.000000,False,64,1.000000
128,2,48,7,jpeg_q95,0.000000,1.0000,1.500000,3,256,64,4.000000,False,64,1.000000
128,2,48,7,jpeg_q85,0.005859,1.0000,1.500000,3,256,64,4.000000,False,64,1.000000
128,2,48,7,jpeg_q70,0.034505,0.3333,0.500000,3,256,64,4.000000,False,64,1.000000
128,2,48,7,crop_pad_2px,0.000000,1.0000,1.500000,3,256,64,4.000000,False,64,1.000000
128,2,48,7,combined,0.378255,0.0000,0.000000,3,256,64,4.000000,False,64,1.000000
128,2,1024,7,clean,0.000000,1.0000,16.000000,3,512,1368,0.374269,True,128,0.093567
128,2,1024,7,resize_3pct,0.000000,1.0000,16.000000,3,512,1368,0.374269,True,128,0.093567
128,2,1024,7,resize_5pct,0.000000,1.0000,16.000000,3,512,1368,0.374269,True,128,0.093567
128,2,1024,7,jpeg_q95,0.000217,1.0000,16.000000,3,512,1368,0.374269,True,128,0.093567
128,2,1024,7,jpeg_q85,0.093967,0.0000,0.000000,3,512,1368,0.374269,True,128,0.093567
128,2,1024,7,jpeg_q70,0.297092,0.0000,0.000000,3,512,1368,0.374269,True,128,0.093567
128,2,1024,7,crop_pad_2px,0.000000,1.0000,16.000000,3,512,1368,0.374269,True,128,0.093567
128,2,1024,7,combined,0.644748,0.0000,0.000000,3,512,1368,0.374269,True,128,0.093567
128,2,4096,7,clean,0.000000,1.0000,21.333333,3,1536,5464,0.281113,True,384,0.070278
128,2,4096,7,resize_3pct,0.000000,1.0000,21.333333,3,1536,5464,0.281113,True,384,0.070278
128,2,4096,7,resize_5pct,0.000000,1.0000,21.333333,3,1536,5464,0.281113,True,384,0.070278
128,2,4096,7,jpeg_q95,0.000237,1.0000,21.333333,3,1536,5464,0.281113,True,384,0.070278
128,2,4096,7,jpeg_q85,0.102095,0.0000,0.000000,3,1536,5464,0.281113,True,384,0.070278
128,2,4096,7,jpeg_q70,0.316584,0.0000,0.000000,3,1536,5464,0.281113,True,384,0.070278
128,2,4096,7,crop_pad_2px,0.000000,1.0000,21.333333,3,1536,5464,0.281113,True,384,0.070278
128,2,4096,7,combined,0.663648,0.0000,0.000000,3,1536,5464,0.281113,True,384,0.070278
128,2,16384,7,clean,0.000000,1.0000,23.813953,3,5504,21848,0.251922,True,1408,0.064445
128,2,16384,7,resize_3pct,0.000000,1.0000,23.813953,3,5504,21848,0.251922,True,1408,0.064445
128,2,16384,7,resize_5pct,0.000000,1.0000,23.813953,3,5504,21848,0.251922,True,1408,0.064445
128,2,16384,7,jpeg_q95,0.000186,1.0000,23.813953,3,5504,21848,0.251922,True,1408,0.064445
128,2,16384,7,jpeg_q85,0.108398,0.0000,0.000000,3,5504,21848,0.251922,True,1408,0.064445
128,2,16384,7,jpeg_q70,0.331783,0.0000,0.000000,3,5504,21848,0.251922,True,1408,0.064445
128,2,16384,7,crop_pad_2px,0.000000,1.0000,23.813953,3,5504,21848,0.251922,True,1408,0.064445
128,2,16384,7,combined,0.671813,0.0000,0.000000,3,5504,21848,0.251922,True,1408,0.064445
256,1,48,8,clean,0.000000,1.0000,0.750000,3,512,64,8.000000,False,128,2.000000
256,1,48,8,resize_3pct,0.000000,1.0000,0.750000,3,512,64,8.000000,False,128,2.000000
256,1,48,8,resize_5pct,0.000000,1.0000,0.750000,3,512,64,8.000000,False,128,2.000000
256,1,48,8,jpeg_q95,0.000000,1.0000,0.750000,3,512,64,8.000000,False,128,2.000000
256,1,48,8,jpeg_q85,0.044271,1.0000,0.750000,3,512,64,8.000000,False,128,2.000000
256,1,48,8,jpeg_q70,0.108073,0.0000,0.000000,3,512,64,8.000000,False,128,2.000000
256,1,48,8,crop_pad_2px,0.000000,1.0000,0.750000,3,512,64,8.000000,False,128,2.000000
256,1,48,8,combined,0.096354,0.0000,0.000000,3,512,64,8.000000,False,128,2.000000
256,1,1024,8,clean,0.000000,1.0000,5.333333,3,1536,1368,1.122807,False,384,0.280702
256,1,1024,8,resize_3pct,0.000000,1.0000,5.333333,3,1536,1368,1.122807,False,384,0.280702
256,1,1024,8,resize_5pct,0.000000,1.0000,5.333333,3,1536,1368,1.122807,False,384,0.280702
256,1,1024,8,jpeg_q95,0.026042,1.0000,5.333333,3,1536,1368,1.122807,False,384,0.280702
256,1,1024,8,jpeg_q85,0.289583,0.0000,0.000000,3,1536,1368,1.122807,False,384,0.280702
256,1,1024,8,jpeg_q70,0.483333,0.0000,0.000000,3,1536,1368,1.122807,False,384,0.280702
256,1,1024,8,crop_pad_2px,0.000000,1.0000,5.333333,3,1536,1368,1.122807,False,384,0.280702
256,1,1024,8,combined,0.440885,0.0000,0.000000,3,1536,1368,1.122807,False,384,0.280702
256,1,4096,8,clean,0.000000,1.0000,6.400000,3,5120,5464,0.937042,True,1280,0.234261
256,1,4096,8,resize_3pct,0.000000,1.0000,6.400000,3,5120,5464,0.937042,True,1280,0.234261
256,1,4096,8,resize_5pct,0.000000,1.0000,6.400000,3,5120,5464,0.937042,True,1280,0.234261
256,1,4096,8,jpeg_q95,0.023232,1.0000,6.400000,3,5120,5464,0.937042,True,1280,0.234261
256,1,4096,8,jpeg_q85,0.284402,0.0000,0.000000,3,5120,5464,0.937042,True,1280,0.234261
256,1,4096,8,jpeg_q70,0.482388,0.0000,0.000000,3,5120,5464,0.937042,True,1280,0.234261
256,1,4096,8,crop_pad_2px,0.000000,1.0000,6.400000,3,5120,5464,0.937042,True,1280,0.234261
256,1,4096,8,combined,0.462377,0.0000,0.000000,3,5120,5464,0.937042,True,1280,0.234261
256,1,16384,8,clean,0.000000,1.0000,6.826667,3,19200,21848,0.878799,True,4864,0.222629
256,1,16384,8,resize_3pct,0.000000,1.0000,6.826667,3,19200,21848,0.878799,True,4864,0.222629
256,1,16384,8,resize_5pct,0.000000,1.0000,6.826667,3,19200,21848,0.878799,True,4864,0.222629
256,1,16384,8,jpeg_q95,0.024018,1.0000,6.826667,3,19200,21848,0.878799,True,4864,0.222629
256,1,16384,8,jpeg_q85,0.294341,0.0000,0.000000,3,19200,21848,0.878799,True,4864,0.222629
256,1,16384,8,jpeg_q70,0.492205,0.0000,0.000000,3,19200,21848,0.878799,True,4864,0.222629
256,1,16384,8,crop_pad_2px,0.000000,1.0000,6.826667,3,19200,21848,0.878799,True,4864,0.222629
256,1,16384,8,combined,0.466111,0.0000,0.000000,3,19200,21848,0.878799,True,4864,0.222629
256,2,48,8,clean,0.000000,1.0000,0.750000,3,512,64,8.000000,False,128,2.000000
256,2,48,8,resize_3pct,0.000000,1.0000,0.750000,3,512,64,8.000000,False,128,2.000000
256,2,48,8,resize_5pct,0.000000,1.0000,0.750000,3,512,64,8.000000,False,128,2.000000
256,2,48,8,jpeg_q95,0.003255,1.0000,0.750000,3,512,64,8.000000,False,128,2.000000
256,2,48,8,jpeg_q85,0.023438,0.0000,0.000000,3,512,64,8.000000,False,128,2.000000
256,2,48,8,jpeg_q70,0.040690,0.0000,0.000000,3,512,64,8.000000,False,128,2.000000
256,2,48,8,crop_pad_2px,0.000000,1.0000,0.750000,3,512,64,8.000000,False,128,2.000000
256,2,48,8,combined,0.516602,0.0000,0.000000,3,512,64,8.000000,False,128,2.000000
256,2,1024,8,clean,0.000000,1.0000,10.666667,3,768,1368,0.561404,True,256,0.187135
256,2,1024,8,resize_3pct,0.000000,1.0000,10.666667,3,768,1368,0.561404,True,256,0.187135
256,2,1024,8,resize_5pct,0.000000,1.0000,10.666667,3,768,1368,0.561404,True,256,0.187135
256,2,1024,8,jpeg_q95,0.062337,0.0000,0.000000,3,768,1368,0.561404,True,256,0.187135
256,2,1024,8,jpeg_q85,0.260742,0.0000,0.000000,3,768,1368,0.561404,True,256,0.187135
256,2,1024,8,jpeg_q70,0.597982,0.0000,0.000000,3,768,1368,0.561404,True,256,0.187135
256,2,1024,8,crop_pad_2px,0.000000,1.0000,10.666667,3,768,1368,0.561404,True,256,0.187135
256,2,1024,8,combined,0.667806,0.0000,0.000000,3,768,1368,0.561404,True,256,0.187135
256,2,4096,8,clean,0.000000,1.0000,21.333333,3,1536,5464,0.281113,True,384,0.070278
256,2,4096,8,resize_3pct,0.000000,1.0000,21.333333,3,1536,5464,0.281113,True,384,0.070278
256,2,4096,8,resize_5pct,0.000000,1.0000,21.333333,3,1536,5464,0.281113,True,384,0.070278
256,2,4096,8,jpeg_q95,0.067513,0.0000,0.000000,3,1536,5464,0.281113,True,384,0.070278
256,2,4096,8,jpeg_q85,0.382422,0.0000,0.000000,3,1536,5464,0.281113,True,384,0.070278
256,2,4096,8,jpeg_q70,0.610026,0.0000,0.000000,3,1536,5464,0.281113,True,384,0.070278
256,2,4096,8,crop_pad_2px,0.000000,1.0000,21.333333,3,1536,5464,0.281113,True,384,0.070278
256,2,4096,8,combined,0.810417,0.0000,0.000000,3,1536,5464,0.281113,True,384,0.070278
256,2,16384,8,clean,0.000000,1.0000,25.600000,3,5120,21848,0.234346,True,1280,0.058587
256,2,16384,8,resize_3pct,0.000000,1.0000,25.600000,3,5120,21848,0.234346,True,1280,0.058587
256,2,16384,8,resize_5pct,0.000000,1.0000,25.600000,3,5120,21848,0.234346,True,1280,0.058587
256,2,16384,8,jpeg_q95,0.072951,0.0000,0.000000,3,5120,21848,0.234346,True,1280,0.058587
256,2,16384,8,jpeg_q85,0.415656,0.0000,0.000000,3,5120,21848,0.234346,True,1280,0.058587
256,2,16384,8,jpeg_q70,0.625497,0.0000,0.000000,3,5120,21848,0.234346,True,1280,0.058587
256,2,16384,8,crop_pad_2px,0.000000,1.0000,25.600000,3,5120,21848,0.234346,True,1280,0.058587
256,2,16384,8,combined,0.809022,0.0000,0.000000,3,5120,21848,0.234346,True,1280,0.058587
